state,year,drug_cat,probation_sentence_count,supervised_release_sentence_count,total_sentence_count_by_drug_cat,probation_sentence_rate,supervised_release_sentence_rate,total_sentences_by_state_year
Total,2014,Marijuana Possession,184,55,2172,0.0847145488029466,0.0253222836095764,75798
Total,2014,Marijuana Trafficking,369,3293,3936,0.09375,0.836636178861789,75798
Total,2015,Marijuana Possession,228,36,2089,0.109143130684538,0.0172331258975586,70973
Total,2015,Marijuana Trafficking,372,2886,3490,0.106590257879656,0.826934097421203,70973
Total,2016,Marijuana Possession,39,6,61,0.639344262295082,0.0983606557377049,46079
Total,2016,Marijuana Trafficking,163,1574,1748,0.0932494279176201,0.90045766590389,46079
Total,2017,Marijuana Possession,36,7,52,0.692307692307692,0.134615384615385,46944
Total,2017,Marijuana Trafficking,159,1378,1530,0.103921568627451,0.900653594771242,46944
Total,2018,Marijuana Possession,33,4,44,0.75,0.0909090909090909,48363
Total,2018,Marijuana Trafficking,82,1050,1158,0.0708117443868739,0.906735751295337,48363
Total,2019,Marijuana Possession,30,3,42,0.714285714285714,0.0714285714285714,54670
Total,2019,Marijuana Trafficking,75,787,887,0.084554678692221,0.887260428410372,54670
Total,2020,Marijuana Possession,17,4,26,0.653846153846154,0.153846153846154,45655
Total,2020,Marijuana Trafficking,62,536,610,0.101639344262295,0.878688524590164,45655
Total,2021,Marijuana Possession,6,3,13,0.461538461538462,0.230769230769231,42326
Total,2021,Marijuana Trafficking,52,467,529,0.0982986767485822,0.882797731568998,42326
Total,2022,Marijuana Possession,11,4,18,0.611111111111111,0.222222222222222,47574
Total,2022,Marijuana Trafficking,64,406,481,0.133056133056133,0.844074844074844,47574
Total,2023,Marijuana Possession,1,0,2,0.5,0,46287
Total,2023,Marijuana Trafficking,29,308,339,0.0855457227138643,0.908554572271387,46287
Total,2024,Marijuana Possession,0,0,0,0,0,43374
Total,2024,Marijuana Trafficking,41,226,269,0.152416356877323,0.840148698884758,43374
Alabama,2014,Marijuana Possession,2,0,2,1,0,1068
Alabama,2014,Marijuana Trafficking,2,17,19,0.105263157894737,0.894736842105263,1068
Alabama,2015,Marijuana Possession,0,1,1,0,1,877
Alabama,2015,Marijuana Trafficking,3,12,15,0.2,0.8,877
Alabama,2016,Marijuana Possession,0,0,1,0,0,617
Alabama,2016,Marijuana Trafficking,1,5,6,0.166666666666667,0.833333333333333,617
Alabama,2017,Marijuana Possession,0,0,0,0,0,730
Alabama,2017,Marijuana Trafficking,2,21,23,0.0869565217391304,0.91304347826087,730
Alabama,2018,Marijuana Possession,0,0,0,0,0,804
Alabama,2018,Marijuana Trafficking,3,13,16,0.1875,0.8125,804
Alabama,2019,Marijuana Possession,0,1,1,0,1,927
Alabama,2019,Marijuana Trafficking,2,15,17,0.117647058823529,0.882352941176471,927
Alabama,2020,Marijuana Possession,0,0,0,0,0,719
Alabama,2020,Marijuana Trafficking,0,16,16,0,1,719
Alabama,2021,Marijuana Possession,0,0,0,0,0,614
Alabama,2021,Marijuana Trafficking,0,7,7,0,1,614
Alabama,2022,Marijuana Possession,0,0,0,0,0,691
Alabama,2022,Marijuana Trafficking,1,11,12,0.0833333333333333,0.916666666666667,691
Alabama,2023,Marijuana Possession,0,0,0,0,0,697
Alabama,2023,Marijuana Trafficking,1,3,4,0.25,0.75,697
Alabama,2024,Marijuana Possession,0,0,0,0,0,690
Alabama,2024,Marijuana Trafficking,0,5,5,0,1,690
Alaska,2014,Marijuana Possession,0,0,0,0,0,156
Alaska,2014,Marijuana Trafficking,1,5,6,0.166666666666667,0.833333333333333,156
Alaska,2015,Marijuana Possession,0,0,0,0,0,165
Alaska,2015,Marijuana Trafficking,0,1,1,0,1,165
Alaska,2016,Marijuana Possession,0,0,0,0,0,130
Alaska,2016,Marijuana Trafficking,0,0,0,0,0,130
Alaska,2017,Marijuana Possession,0,0,0,0,0,139
Alaska,2017,Marijuana Trafficking,0,2,2,0,1,139
Alaska,2018,Marijuana Possession,0,0,0,0,0,158
Alaska,2018,Marijuana Trafficking,0,1,1,0,1,158
Alaska,2019,Marijuana Possession,0,0,0,0,0,161
Alaska,2019,Marijuana Trafficking,0,0,0,0,0,161
Alaska,2020,Marijuana Possession,0,0,0,0,0,87
Alaska,2020,Marijuana Trafficking,0,1,1,0,1,87
Alaska,2021,Marijuana Possession,0,0,0,0,0,123
Alaska,2021,Marijuana Trafficking,0,0,0,0,0,123
Alaska,2022,Marijuana Possession,0,0,0,0,0,118
Alaska,2022,Marijuana Trafficking,0,0,0,0,0,118
Alaska,2023,Marijuana Possession,0,0,0,0,0,141
Alaska,2023,Marijuana Trafficking,0,0,0,0,0,141
Alaska,2024,Marijuana Possession,0,0,0,0,0,110
Alaska,2024,Marijuana Trafficking,0,0,0,0,0,110
Arizona,2014,Marijuana Possession,19,9,1917,0.0099113197704747,0.00469483568075117,6599
Arizona,2014,Marijuana Trafficking,48,677,726,0.0661157024793388,0.932506887052342,6599
Arizona,2015,Marijuana Possession,24,3,1775,0.0135211267605634,0.00169014084507042,6154
Arizona,2015,Marijuana Trafficking,32,672,707,0.0452616690240453,0.95049504950495,6154
Arizona,2016,Marijuana Possession,0,0,1,0,0,3445
Arizona,2016,Marijuana Trafficking,29,477,505,0.0574257425742574,0.944554455445545,3445
Arizona,2017,Marijuana Possession,1,0,1,1,0,3512
Arizona,2017,Marijuana Trafficking,39,421,462,0.0844155844155844,0.911255411255411,3512
Arizona,2018,Marijuana Possession,0,0,0,0,0,3315
Arizona,2018,Marijuana Trafficking,34,230,264,0.128787878787879,0.871212121212121,3315
Arizona,2019,Marijuana Possession,1,0,1,1,0,4410
Arizona,2019,Marijuana Trafficking,17,97,114,0.149122807017544,0.850877192982456,4410
Arizona,2020,Marijuana Possession,0,0,0,0,0,3751
Arizona,2020,Marijuana Trafficking,6,44,51,0.117647058823529,0.862745098039216,3751
Arizona,2021,Marijuana Possession,0,0,0,0,0,3643
Arizona,2021,Marijuana Trafficking,5,45,50,0.1,0.9,3643
Arizona,2022,Marijuana Possession,0,0,0,0,0,3765
Arizona,2022,Marijuana Trafficking,4,11,15,0.266666666666667,0.733333333333333,3765
Arizona,2023,Marijuana Possession,0,0,0,0,0,3866
Arizona,2023,Marijuana Trafficking,0,1,1,0,1,3866
Arizona,2024,Marijuana Possession,0,0,0,0,0,2904
Arizona,2024,Marijuana Trafficking,0,3,3,0,1,2904
Arkansas,2014,Marijuana Possession,0,0,0,0,0,674
Arkansas,2014,Marijuana Trafficking,4,10,13,0.307692307692308,0.769230769230769,674
Arkansas,2015,Marijuana Possession,0,0,0,0,0,630
Arkansas,2015,Marijuana Trafficking,10,15,25,0.4,0.6,630
Arkansas,2016,Marijuana Possession,0,0,0,0,0,486
Arkansas,2016,Marijuana Trafficking,6,6,12,0.5,0.5,486
Arkansas,2017,Marijuana Possession,0,0,0,0,0,533
Arkansas,2017,Marijuana Trafficking,5,18,23,0.217391304347826,0.782608695652174,533
Arkansas,2018,Marijuana Possession,0,0,0,0,0,576
Arkansas,2018,Marijuana Trafficking,1,10,11,0.0909090909090909,0.909090909090909,576
Arkansas,2019,Marijuana Possession,0,0,0,0,0,572
Arkansas,2019,Marijuana Trafficking,0,9,9,0,1,572
Arkansas,2020,Marijuana Possession,0,0,0,0,0,634
Arkansas,2020,Marijuana Trafficking,1,11,12,0.0833333333333333,0.916666666666667,634
Arkansas,2021,Marijuana Possession,0,0,0,0,0,637
Arkansas,2021,Marijuana Trafficking,4,5,9,0.444444444444444,0.555555555555556,637
Arkansas,2022,Marijuana Possession,0,0,0,0,0,680
Arkansas,2022,Marijuana Trafficking,4,10,14,0.285714285714286,0.714285714285714,680
Arkansas,2023,Marijuana Possession,0,0,0,0,0,617
Arkansas,2023,Marijuana Trafficking,4,3,7,0.571428571428571,0.428571428571429,617
Arkansas,2024,Marijuana Possession,0,0,0,0,0,637
Arkansas,2024,Marijuana Trafficking,3,7,10,0.3,0.7,637
California,2014,Marijuana Possession,4,3,8,0.5,0.375,6793
California,2014,Marijuana Trafficking,44,311,386,0.113989637305699,0.805699481865285,6793
California,2015,Marijuana Possession,2,0,11,0.181818181818182,0,5771
California,2015,Marijuana Trafficking,22,188,213,0.103286384976526,0.882629107981221,5771
California,2016,Marijuana Possession,1,0,1,1,0,2984
California,2016,Marijuana Trafficking,3,94,103,0.029126213592233,0.912621359223301,2984
California,2017,Marijuana Possession,0,0,0,0,0,2925
California,2017,Marijuana Trafficking,12,62,75,0.16,0.826666666666667,2925
California,2018,Marijuana Possession,0,0,0,0,0,3357
California,2018,Marijuana Trafficking,1,44,47,0.0212765957446809,0.936170212765957,3357
California,2019,Marijuana Possession,0,0,0,0,0,3466
California,2019,Marijuana Trafficking,3,40,50,0.06,0.8,3466
California,2020,Marijuana Possession,0,1,1,0,1,2872
California,2020,Marijuana Trafficking,4,30,35,0.114285714285714,0.857142857142857,2872
California,2021,Marijuana Possession,0,0,0,0,0,2619
California,2021,Marijuana Trafficking,3,32,36,0.0833333333333333,0.888888888888889,2619
California,2022,Marijuana Possession,0,0,0,0,0,3240
California,2022,Marijuana Trafficking,2,18,21,0.0952380952380952,0.857142857142857,3240
California,2023,Marijuana Possession,0,0,0,0,0,2738
California,2023,Marijuana Trafficking,2,16,18,0.111111111111111,0.888888888888889,2738
California,2024,Marijuana Possession,0,0,0,0,0,2429
California,2024,Marijuana Trafficking,0,11,12,0,0.916666666666667,2429
Colorado,2014,Marijuana Possession,3,0,3,1,0,541
Colorado,2014,Marijuana Trafficking,0,0,0,0,0,541
Colorado,2015,Marijuana Possession,2,0,2,1,0,437
Colorado,2015,Marijuana Trafficking,0,2,3,0,0.666666666666667,437
Colorado,2016,Marijuana Possession,2,0,2,1,0,380
Colorado,2016,Marijuana Trafficking,0,6,6,0,1,380
Colorado,2017,Marijuana Possession,1,1,2,0.5,0.5,367
Colorado,2017,Marijuana Trafficking,0,10,10,0,1,367
Colorado,2018,Marijuana Possession,0,0,0,0,0,435
Colorado,2018,Marijuana Trafficking,0,12,12,0,1,435
Colorado,2019,Marijuana Possession,0,0,0,0,0,408
Colorado,2019,Marijuana Trafficking,1,9,10,0.1,0.9,408
Colorado,2020,Marijuana Possession,0,0,0,0,0,319
Colorado,2020,Marijuana Trafficking,0,5,5,0,1,319
Colorado,2021,Marijuana Possession,0,0,0,0,0,301
Colorado,2021,Marijuana Trafficking,0,2,2,0,1,301
Colorado,2022,Marijuana Possession,1,0,1,1,0,320
Colorado,2022,Marijuana Trafficking,3,6,11,0.272727272727273,0.545454545454545,320
Colorado,2023,Marijuana Possession,0,0,0,0,0,271
Colorado,2023,Marijuana Trafficking,0,4,4,0,1,271
Colorado,2024,Marijuana Possession,0,0,0,0,0,327
Colorado,2024,Marijuana Trafficking,0,0,0,0,0,327
Connecticut,2014,Marijuana Possession,1,0,1,1,0,355
Connecticut,2014,Marijuana Trafficking,0,6,6,0,1,355
Connecticut,2015,Marijuana Possession,0,0,0,0,0,334
Connecticut,2015,Marijuana Trafficking,0,4,4,0,1,334
Connecticut,2016,Marijuana Possession,0,0,0,0,0,194
Connecticut,2016,Marijuana Trafficking,0,1,1,0,1,194
Connecticut,2017,Marijuana Possession,0,0,0,0,0,234
Connecticut,2017,Marijuana Trafficking,0,0,0,0,0,234
Connecticut,2018,Marijuana Possession,0,0,0,0,0,220
Connecticut,2018,Marijuana Trafficking,0,5,5,0,1,220
Connecticut,2019,Marijuana Possession,0,0,0,0,0,244
Connecticut,2019,Marijuana Trafficking,1,2,3,0.333333333333333,0.666666666666667,244
Connecticut,2020,Marijuana Possession,0,0,0,0,0,256
Connecticut,2020,Marijuana Trafficking,0,1,1,0,1,256
Connecticut,2021,Marijuana Possession,0,0,0,0,0,199
Connecticut,2021,Marijuana Trafficking,0,0,0,0,0,199
Connecticut,2022,Marijuana Possession,0,0,0,0,0,221
Connecticut,2022,Marijuana Trafficking,0,0,0,0,0,221
Connecticut,2023,Marijuana Possession,0,0,0,0,0,228
Connecticut,2023,Marijuana Trafficking,0,2,2,0,1,228
Connecticut,2024,Marijuana Possession,0,0,0,0,0,170
Connecticut,2024,Marijuana Trafficking,0,0,0,0,0,170
Delaware,2014,Marijuana Possession,0,0,0,0,0,97
Delaware,2014,Marijuana Trafficking,0,0,0,0,0,97
Delaware,2015,Marijuana Possession,0,0,0,0,0,90
Delaware,2015,Marijuana Trafficking,0,0,0,0,0,90
Delaware,2016,Marijuana Possession,0,0,0,0,0,52
Delaware,2016,Marijuana Trafficking,0,0,0,0,0,52
Delaware,2017,Marijuana Possession,0,0,0,0,0,65
Delaware,2017,Marijuana Trafficking,0,0,0,0,0,65
Delaware,2018,Marijuana Possession,0,0,0,0,0,49
Delaware,2018,Marijuana Trafficking,0,0,0,0,0,49
Delaware,2019,Marijuana Possession,0,0,0,0,0,94
Delaware,2019,Marijuana Trafficking,0,0,0,0,0,94
Delaware,2020,Marijuana Possession,0,0,0,0,0,70
Delaware,2020,Marijuana Trafficking,0,1,1,0,1,70
Delaware,2021,Marijuana Possession,0,0,0,0,0,39
Delaware,2021,Marijuana Trafficking,0,0,0,0,0,39
Delaware,2022,Marijuana Possession,0,0,0,0,0,59
Delaware,2022,Marijuana Trafficking,0,0,0,0,0,59
Delaware,2023,Marijuana Possession,0,0,0,0,0,79
Delaware,2023,Marijuana Trafficking,0,0,0,0,0,79
Delaware,2024,Marijuana Possession,0,0,0,0,0,81
Delaware,2024,Marijuana Trafficking,0,0,0,0,0,81
District of Columbia,2014,Marijuana Possession,0,0,0,0,0,339
District of Columbia,2014,Marijuana Trafficking,0,3,3,0,1,339
District of Columbia,2015,Marijuana Possession,0,0,0,0,0,256
District of Columbia,2015,Marijuana Trafficking,1,0,1,1,0,256
District of Columbia,2016,Marijuana Possession,0,0,0,0,0,165
District of Columbia,2016,Marijuana Trafficking,0,0,0,0,0,165
District of Columbia,2017,Marijuana Possession,0,0,0,0,0,152
District of Columbia,2017,Marijuana Trafficking,1,3,4,0.25,0.75,152
District of Columbia,2018,Marijuana Possession,0,0,0,0,0,154
District of Columbia,2018,Marijuana Trafficking,0,0,0,0,0,154
District of Columbia,2019,Marijuana Possession,0,0,0,0,0,245
District of Columbia,2019,Marijuana Trafficking,0,1,1,0,1,245
District of Columbia,2020,Marijuana Possession,0,0,0,0,0,199
District of Columbia,2020,Marijuana Trafficking,1,1,2,0.5,0.5,199
District of Columbia,2021,Marijuana Possession,0,0,0,0,0,172
District of Columbia,2021,Marijuana Trafficking,0,3,3,0,1,172
District of Columbia,2022,Marijuana Possession,0,0,0,0,0,196
District of Columbia,2022,Marijuana Trafficking,0,5,5,0,1,196
District of Columbia,2023,Marijuana Possession,0,0,0,0,0,302
District of Columbia,2023,Marijuana Trafficking,0,6,6,0,1,302
District of Columbia,2024,Marijuana Possession,0,0,0,0,0,295
District of Columbia,2024,Marijuana Trafficking,0,12,12,0,1,295
Florida,2014,Marijuana Possession,3,0,3,1,0,4018
Florida,2014,Marijuana Trafficking,12,86,93,0.129032258064516,0.924731182795699,4018
Florida,2015,Marijuana Possession,1,0,2,0.5,0,3875
Florida,2015,Marijuana Trafficking,17,59,67,0.253731343283582,0.880597014925373,3875
Florida,2016,Marijuana Possession,0,0,0,0,0,2254
Florida,2016,Marijuana Trafficking,2,28,30,0.0666666666666667,0.933333333333333,2254
Florida,2017,Marijuana Possession,1,0,1,1,0,2354
Florida,2017,Marijuana Trafficking,2,28,29,0.0689655172413793,0.96551724137931,2354
Florida,2018,Marijuana Possession,0,0,1,0,0,2396
Florida,2018,Marijuana Trafficking,1,21,22,0.0454545454545455,0.954545454545455,2396
Florida,2019,Marijuana Possession,1,0,1,1,0,2387
Florida,2019,Marijuana Trafficking,0,17,17,0,1,2387
Florida,2020,Marijuana Possession,0,1,1,0,1,1807
Florida,2020,Marijuana Trafficking,0,10,10,0,1,1807
Florida,2021,Marijuana Possession,1,0,2,0.5,0,1339
Florida,2021,Marijuana Trafficking,0,16,16,0,1,1339
Florida,2022,Marijuana Possession,3,0,4,0.75,0,1815
Florida,2022,Marijuana Trafficking,1,5,6,0.166666666666667,0.833333333333333,1815
Florida,2023,Marijuana Possession,1,0,1,1,0,1803
Florida,2023,Marijuana Trafficking,0,11,11,0,1,1803
Florida,2024,Marijuana Possession,0,0,0,0,0,1643
Florida,2024,Marijuana Trafficking,0,4,4,0,1,1643
Georgia,2014,Marijuana Possession,6,1,9,0.666666666666667,0.111111111111111,1756
Georgia,2014,Marijuana Trafficking,2,26,28,0.0714285714285714,0.928571428571429,1756
Georgia,2015,Marijuana Possession,12,3,19,0.631578947368421,0.157894736842105,1389
Georgia,2015,Marijuana Trafficking,3,14,17,0.176470588235294,0.823529411764706,1389
Georgia,2016,Marijuana Possession,1,0,1,1,0,869
Georgia,2016,Marijuana Trafficking,1,16,16,0.0625,1,869
Georgia,2017,Marijuana Possession,1,0,2,0.5,0,931
Georgia,2017,Marijuana Trafficking,6,39,45,0.133333333333333,0.866666666666667,931
Georgia,2018,Marijuana Possession,2,0,3,0.666666666666667,0,1021
Georgia,2018,Marijuana Trafficking,4,17,21,0.19047619047619,0.80952380952381,1021
Georgia,2019,Marijuana Possession,0,0,1,0,0,1016
Georgia,2019,Marijuana Trafficking,3,16,19,0.157894736842105,0.842105263157895,1016
Georgia,2020,Marijuana Possession,1,0,3,0.333333333333333,0,903
Georgia,2020,Marijuana Trafficking,2,14,16,0.125,0.875,903
Georgia,2021,Marijuana Possession,0,0,0,0,0,978
Georgia,2021,Marijuana Trafficking,0,6,6,0,1,978
Georgia,2022,Marijuana Possession,0,1,1,0,1,1160
Georgia,2022,Marijuana Trafficking,5,19,24,0.208333333333333,0.791666666666667,1160
Georgia,2023,Marijuana Possession,0,0,0,0,0,990
Georgia,2023,Marijuana Trafficking,1,19,20,0.05,0.95,990
Georgia,2024,Marijuana Possession,0,0,0,0,0,938
Georgia,2024,Marijuana Trafficking,1,4,5,0.2,0.8,938
Guam,2014,Marijuana Possession,0,0,0,0,0,99
Guam,2014,Marijuana Trafficking,1,0,1,1,0,99
Guam,2015,Marijuana Possession,0,0,0,0,0,91
Guam,2015,Marijuana Trafficking,0,0,0,0,0,91
Guam,2016,Marijuana Possession,0,0,0,0,0,27
Guam,2016,Marijuana Trafficking,0,0,0,0,0,27
Guam,2017,Marijuana Possession,0,0,0,0,0,24
Guam,2017,Marijuana Trafficking,0,0,0,0,0,24
Guam,2018,Marijuana Possession,0,0,0,0,0,20
Guam,2018,Marijuana Trafficking,0,0,0,0,0,20
Guam,2019,Marijuana Possession,0,0,0,0,0,14
Guam,2019,Marijuana Trafficking,0,0,0,0,0,14
Guam,2020,Marijuana Possession,0,0,0,0,0,20
Guam,2020,Marijuana Trafficking,0,0,0,0,0,20
Guam,2021,Marijuana Possession,0,0,0,0,0,14
Guam,2021,Marijuana Trafficking,0,0,0,0,0,14
Guam,2022,Marijuana Possession,0,0,0,0,0,13
Guam,2022,Marijuana Trafficking,0,0,0,0,0,13
Guam,2023,Marijuana Possession,0,0,0,0,0,9
Guam,2023,Marijuana Trafficking,0,0,0,0,0,9
Guam,2024,Marijuana Possession,0,0,0,0,0,22
Guam,2024,Marijuana Trafficking,0,0,0,0,0,22
Hawaii,2014,Marijuana Possession,1,2,2,0.5,1,291
Hawaii,2014,Marijuana Trafficking,3,16,18,0.166666666666667,0.888888888888889,291
Hawaii,2015,Marijuana Possession,0,0,0,0,0,239
Hawaii,2015,Marijuana Trafficking,1,2,3,0.333333333333333,0.666666666666667,239
Hawaii,2016,Marijuana Possession,0,0,0,0,0,81
Hawaii,2016,Marijuana Trafficking,0,0,0,0,0,81
Hawaii,2017,Marijuana Possession,0,0,0,0,0,86
Hawaii,2017,Marijuana Trafficking,0,0,0,0,0,86
Hawaii,2018,Marijuana Possession,0,0,0,0,0,108
Hawaii,2018,Marijuana Trafficking,0,0,0,0,0,108
Hawaii,2019,Marijuana Possession,1,0,1,1,0,110
Hawaii,2019,Marijuana Trafficking,0,0,0,0,0,110
Hawaii,2020,Marijuana Possession,0,0,0,0,0,82
Hawaii,2020,Marijuana Trafficking,0,0,0,0,0,82
Hawaii,2021,Marijuana Possession,0,0,0,0,0,116
Hawaii,2021,Marijuana Trafficking,0,0,0,0,0,116
Hawaii,2022,Marijuana Possession,0,0,0,0,0,103
Hawaii,2022,Marijuana Trafficking,0,0,0,0,0,103
Hawaii,2023,Marijuana Possession,0,0,0,0,0,82
Hawaii,2023,Marijuana Trafficking,0,0,0,0,0,82
Hawaii,2024,Marijuana Possession,0,0,0,0,0,81
Hawaii,2024,Marijuana Trafficking,0,0,0,0,0,81
Idaho,2014,Marijuana Possession,0,0,0,0,0,313
Idaho,2014,Marijuana Trafficking,2,2,4,0.5,0.5,313
Idaho,2015,Marijuana Possession,0,0,0,0,0,264
Idaho,2015,Marijuana Trafficking,2,2,7,0.285714285714286,0.285714285714286,264
Idaho,2016,Marijuana Possession,0,0,0,0,0,222
Idaho,2016,Marijuana Trafficking,1,3,4,0.25,0.75,222
Idaho,2017,Marijuana Possession,0,0,0,0,0,294
Idaho,2017,Marijuana Trafficking,1,3,3,0.333333333333333,1,294
Idaho,2018,Marijuana Possession,0,0,0,0,0,332
Idaho,2018,Marijuana Trafficking,0,1,1,0,1,332
Idaho,2019,Marijuana Possession,0,0,0,0,0,309
Idaho,2019,Marijuana Trafficking,0,4,4,0,1,309
Idaho,2020,Marijuana Possession,0,0,0,0,0,283
Idaho,2020,Marijuana Trafficking,0,0,0,0,0,283
Idaho,2021,Marijuana Possession,0,0,0,0,0,211
Idaho,2021,Marijuana Trafficking,0,0,0,0,0,211
Idaho,2022,Marijuana Possession,0,0,0,0,0,302
Idaho,2022,Marijuana Trafficking,0,0,0,0,0,302
Idaho,2023,Marijuana Possession,0,0,0,0,0,251
Idaho,2023,Marijuana Trafficking,0,1,1,0,1,251
Idaho,2024,Marijuana Possession,0,0,0,0,0,273
Idaho,2024,Marijuana Trafficking,0,0,0,0,0,273
Illinois,2014,Marijuana Possession,0,0,0,0,0,1664
Illinois,2014,Marijuana Trafficking,4,35,37,0.108108108108108,0.945945945945946,1664
Illinois,2015,Marijuana Possession,0,0,0,0,0,1452
Illinois,2015,Marijuana Trafficking,2,19,21,0.0952380952380952,0.904761904761905,1452
Illinois,2016,Marijuana Possession,0,0,0,0,0,965
Illinois,2016,Marijuana Trafficking,1,11,12,0.0833333333333333,0.916666666666667,965
Illinois,2017,Marijuana Possession,0,0,0,0,0,891
Illinois,2017,Marijuana Trafficking,0,5,5,0,1,891
Illinois,2018,Marijuana Possession,0,0,0,0,0,989
Illinois,2018,Marijuana Trafficking,1,9,10,0.1,0.9,989
Illinois,2019,Marijuana Possession,0,0,0,0,0,936
Illinois,2019,Marijuana Trafficking,0,3,3,0,1,936
Illinois,2020,Marijuana Possession,0,0,0,0,0,794
Illinois,2020,Marijuana Trafficking,0,2,2,0,1,794
Illinois,2021,Marijuana Possession,0,0,0,0,0,892
Illinois,2021,Marijuana Trafficking,0,3,3,0,1,892
Illinois,2022,Marijuana Possession,0,0,0,0,0,960
Illinois,2022,Marijuana Trafficking,0,7,7,0,1,960
Illinois,2023,Marijuana Possession,0,0,0,0,0,934
Illinois,2023,Marijuana Trafficking,0,4,4,0,1,934
Illinois,2024,Marijuana Possession,0,0,0,0,0,802
Illinois,2024,Marijuana Trafficking,0,5,5,0,1,802
Indiana,2014,Marijuana Possession,0,0,0,0,0,765
Indiana,2014,Marijuana Trafficking,4,35,40,0.1,0.875,765
Indiana,2015,Marijuana Possession,0,0,0,0,0,648
Indiana,2015,Marijuana Trafficking,7,30,36,0.194444444444444,0.833333333333333,648
Indiana,2016,Marijuana Possession,0,0,1,0,0,482
Indiana,2016,Marijuana Trafficking,3,9,13,0.230769230769231,0.692307692307692,482
Indiana,2017,Marijuana Possession,0,0,0,0,0,562
Indiana,2017,Marijuana Trafficking,1,3,4,0.25,0.75,562
Indiana,2018,Marijuana Possession,0,0,0,0,0,609
Indiana,2018,Marijuana Trafficking,0,5,6,0,0.833333333333333,609
Indiana,2019,Marijuana Possession,0,0,0,0,0,659
Indiana,2019,Marijuana Trafficking,0,4,4,0,1,659
Indiana,2020,Marijuana Possession,0,0,0,0,0,725
Indiana,2020,Marijuana Trafficking,0,4,4,0,1,725
Indiana,2021,Marijuana Possession,0,0,0,0,0,626
Indiana,2021,Marijuana Trafficking,0,7,7,0,1,626
Indiana,2022,Marijuana Possession,0,0,0,0,0,702
Indiana,2022,Marijuana Trafficking,0,4,4,0,1,702
Indiana,2023,Marijuana Possession,0,0,0,0,0,520
Indiana,2023,Marijuana Trafficking,0,3,3,0,1,520
Indiana,2024,Marijuana Possession,0,0,0,0,0,470
Indiana,2024,Marijuana Trafficking,0,8,8,0,1,470
Iowa,2014,Marijuana Possession,1,0,1,1,0,647
Iowa,2014,Marijuana Trafficking,2,14,16,0.125,0.875,647
Iowa,2015,Marijuana Possession,0,0,0,0,0,650
Iowa,2015,Marijuana Trafficking,1,16,17,0.0588235294117647,0.941176470588235,650
Iowa,2016,Marijuana Possession,0,0,0,0,0,576
Iowa,2016,Marijuana Trafficking,0,5,5,0,1,576
Iowa,2017,Marijuana Possession,0,0,0,0,0,622
Iowa,2017,Marijuana Trafficking,0,2,2,0,1,622
Iowa,2018,Marijuana Possession,0,0,0,0,0,696
Iowa,2018,Marijuana Trafficking,0,11,11,0,1,696
Iowa,2019,Marijuana Possession,0,0,0,0,0,742
Iowa,2019,Marijuana Trafficking,1,9,10,0.1,0.9,742
Iowa,2020,Marijuana Possession,0,0,0,0,0,651
Iowa,2020,Marijuana Trafficking,0,14,14,0,1,651
Iowa,2021,Marijuana Possession,0,1,1,0,1,715
Iowa,2021,Marijuana Trafficking,0,12,12,0,1,715
Iowa,2022,Marijuana Possession,0,0,0,0,0,686
Iowa,2022,Marijuana Trafficking,1,3,4,0.25,0.75,686
Iowa,2023,Marijuana Possession,0,0,0,0,0,675
Iowa,2023,Marijuana Trafficking,0,1,1,0,1,675
Iowa,2024,Marijuana Possession,0,0,0,0,0,534
Iowa,2024,Marijuana Trafficking,0,6,6,0,1,534
Kansas,2014,Marijuana Possession,2,0,2,1,0,675
Kansas,2014,Marijuana Trafficking,7,17,23,0.304347826086957,0.739130434782609,675
Kansas,2015,Marijuana Possession,1,0,5,0.2,0,595
Kansas,2015,Marijuana Trafficking,9,36,41,0.219512195121951,0.878048780487805,595
Kansas,2016,Marijuana Possession,2,0,2,1,0,356
Kansas,2016,Marijuana Trafficking,5,10,11,0.454545454545455,0.909090909090909,356
Kansas,2017,Marijuana Possession,0,0,0,0,0,443
Kansas,2017,Marijuana Trafficking,1,5,6,0.166666666666667,0.833333333333333,443
Kansas,2018,Marijuana Possession,1,0,2,0.5,0,370
Kansas,2018,Marijuana Trafficking,1,4,5,0.2,0.8,370
Kansas,2019,Marijuana Possession,0,1,1,0,1,352
Kansas,2019,Marijuana Trafficking,2,5,7,0.285714285714286,0.714285714285714,352
Kansas,2020,Marijuana Possession,0,0,0,0,0,255
Kansas,2020,Marijuana Trafficking,0,0,1,0,0,255
Kansas,2021,Marijuana Possession,1,1,2,0.5,0.5,343
Kansas,2021,Marijuana Trafficking,5,5,10,0.5,0.5,343
Kansas,2022,Marijuana Possession,0,0,0,0,0,315
Kansas,2022,Marijuana Trafficking,2,3,5,0.4,0.6,315
Kansas,2023,Marijuana Possession,0,0,0,0,0,263
Kansas,2023,Marijuana Trafficking,0,0,0,0,0,263
Kansas,2024,Marijuana Possession,0,0,0,0,0,280
Kansas,2024,Marijuana Trafficking,1,0,1,1,0,280
Kentucky,2014,Marijuana Possession,0,0,2,0,0,887
Kentucky,2014,Marijuana Trafficking,3,23,26,0.115384615384615,0.884615384615385,887
Kentucky,2015,Marijuana Possession,1,0,4,0.25,0,783
Kentucky,2015,Marijuana Trafficking,10,28,37,0.27027027027027,0.756756756756757,783
Kentucky,2016,Marijuana Possession,0,0,0,0,0,547
Kentucky,2016,Marijuana Trafficking,2,11,11,0.181818181818182,1,547
Kentucky,2017,Marijuana Possession,0,0,0,0,0,448
Kentucky,2017,Marijuana Trafficking,3,8,8,0.375,1,448
Kentucky,2018,Marijuana Possession,0,0,0,0,0,502
Kentucky,2018,Marijuana Trafficking,1,4,5,0.2,0.8,502
Kentucky,2019,Marijuana Possession,0,0,0,0,0,680
Kentucky,2019,Marijuana Trafficking,1,18,19,0.0526315789473684,0.947368421052632,680
Kentucky,2020,Marijuana Possession,0,1,1,0,1,630
Kentucky,2020,Marijuana Trafficking,2,15,17,0.117647058823529,0.882352941176471,630
Kentucky,2021,Marijuana Possession,0,0,0,0,0,566
Kentucky,2021,Marijuana Trafficking,0,5,5,0,1,566
Kentucky,2022,Marijuana Possession,0,0,0,0,0,656
Kentucky,2022,Marijuana Trafficking,0,7,7,0,1,656
Kentucky,2023,Marijuana Possession,0,0,0,0,0,657
Kentucky,2023,Marijuana Trafficking,0,2,2,0,1,657
Kentucky,2024,Marijuana Possession,0,0,0,0,0,668
Kentucky,2024,Marijuana Trafficking,0,7,7,0,1,668
Louisiana,2014,Marijuana Possession,4,0,4,1,0,786
Louisiana,2014,Marijuana Trafficking,2,15,17,0.117647058823529,0.882352941176471,786
Louisiana,2015,Marijuana Possession,5,0,5,1,0,794
Louisiana,2015,Marijuana Trafficking,2,7,7,0.285714285714286,1,794
Louisiana,2016,Marijuana Possession,0,0,1,0,0,489
Louisiana,2016,Marijuana Trafficking,0,2,2,0,1,489
Louisiana,2017,Marijuana Possession,0,0,0,0,0,564
Louisiana,2017,Marijuana Trafficking,0,7,7,0,1,564
Louisiana,2018,Marijuana Possession,0,0,0,0,0,466
Louisiana,2018,Marijuana Trafficking,1,3,4,0.25,0.75,466
Louisiana,2019,Marijuana Possession,0,0,0,0,0,550
Louisiana,2019,Marijuana Trafficking,0,3,3,0,1,550
Louisiana,2020,Marijuana Possession,0,0,0,0,0,400
Louisiana,2020,Marijuana Trafficking,0,3,3,0,1,400
Louisiana,2021,Marijuana Possession,0,0,0,0,0,406
Louisiana,2021,Marijuana Trafficking,0,3,3,0,1,406
Louisiana,2022,Marijuana Possession,0,0,0,0,0,533
Louisiana,2022,Marijuana Trafficking,1,6,7,0.142857142857143,0.857142857142857,533
Louisiana,2023,Marijuana Possession,0,0,0,0,0,579
Louisiana,2023,Marijuana Trafficking,0,3,3,0,1,579
Louisiana,2024,Marijuana Possession,0,0,0,0,0,537
Louisiana,2024,Marijuana Trafficking,1,4,5,0.2,0.8,537
Maine,2014,Marijuana Possession,0,0,0,0,0,199
Maine,2014,Marijuana Trafficking,1,8,9,0.111111111111111,0.888888888888889,199
Maine,2015,Marijuana Possession,1,0,1,1,0,188
Maine,2015,Marijuana Trafficking,1,15,15,0.0666666666666667,1,188
Maine,2016,Marijuana Possession,0,0,0,0,0,170
Maine,2016,Marijuana Trafficking,0,2,2,0,1,170
Maine,2017,Marijuana Possession,0,0,0,0,0,158
Maine,2017,Marijuana Trafficking,0,0,0,0,0,158
Maine,2018,Marijuana Possession,0,0,0,0,0,144
Maine,2018,Marijuana Trafficking,1,0,1,1,0,144
Maine,2019,Marijuana Possession,0,0,0,0,0,121
Maine,2019,Marijuana Trafficking,0,1,1,0,1,121
Maine,2020,Marijuana Possession,0,0,0,0,0,87
Maine,2020,Marijuana Trafficking,4,1,5,0.8,0.2,87
Maine,2021,Marijuana Possession,0,0,0,0,0,167
Maine,2021,Marijuana Trafficking,1,3,4,0.25,0.75,167
Maine,2022,Marijuana Possession,0,0,0,0,0,142
Maine,2022,Marijuana Trafficking,0,0,0,0,0,142
Maine,2023,Marijuana Possession,0,0,0,0,0,89
Maine,2023,Marijuana Trafficking,0,2,2,0,1,89
Maine,2024,Marijuana Possession,0,0,0,0,0,105
Maine,2024,Marijuana Trafficking,0,0,0,0,0,105
Maryland,2014,Marijuana Possession,0,0,0,0,0,816
Maryland,2014,Marijuana Trafficking,0,36,37,0,0.972972972972973,816
Maryland,2015,Marijuana Possession,0,0,0,0,0,775
Maryland,2015,Marijuana Trafficking,2,29,31,0.0645161290322581,0.935483870967742,775
Maryland,2016,Marijuana Possession,0,0,0,0,0,531
Maryland,2016,Marijuana Trafficking,1,4,5,0.2,0.8,531
Maryland,2017,Marijuana Possession,0,0,0,0,0,529
Maryland,2017,Marijuana Trafficking,0,7,7,0,1,529
Maryland,2018,Marijuana Possession,0,0,0,0,0,621
Maryland,2018,Marijuana Trafficking,1,4,5,0.2,0.8,621
Maryland,2019,Marijuana Possession,0,0,0,0,0,573
Maryland,2019,Marijuana Trafficking,0,2,2,0,1,573
Maryland,2020,Marijuana Possession,0,0,0,0,0,340
Maryland,2020,Marijuana Trafficking,0,5,5,0,1,340
Maryland,2021,Marijuana Possession,0,0,0,0,0,405
Maryland,2021,Marijuana Trafficking,0,8,8,0,1,405
Maryland,2022,Marijuana Possession,0,0,0,0,0,417
Maryland,2022,Marijuana Trafficking,0,1,1,0,1,417
Maryland,2023,Marijuana Possession,0,0,0,0,0,348
Maryland,2023,Marijuana Trafficking,0,11,11,0,1,348
Maryland,2024,Marijuana Possession,0,0,0,0,0,304
Maryland,2024,Marijuana Trafficking,1,2,3,0.333333333333333,0.666666666666667,304
Massachusetts,2014,Marijuana Possession,0,0,0,0,0,451
Massachusetts,2014,Marijuana Trafficking,5,14,16,0.3125,0.875,451
Massachusetts,2015,Marijuana Possession,1,0,2,0.5,0,524
Massachusetts,2015,Marijuana Trafficking,2,6,6,0.333333333333333,1,524
Massachusetts,2016,Marijuana Possession,0,0,0,0,0,320
Massachusetts,2016,Marijuana Trafficking,4,20,21,0.19047619047619,0.952380952380952,320
Massachusetts,2017,Marijuana Possession,0,0,0,0,0,317
Massachusetts,2017,Marijuana Trafficking,1,2,2,0.5,1,317
Massachusetts,2018,Marijuana Possession,0,0,0,0,0,336
Massachusetts,2018,Marijuana Trafficking,0,1,1,0,1,336
Massachusetts,2019,Marijuana Possession,0,0,0,0,0,273
Massachusetts,2019,Marijuana Trafficking,0,1,1,0,1,273
Massachusetts,2020,Marijuana Possession,0,0,0,0,0,228
Massachusetts,2020,Marijuana Trafficking,0,0,0,0,0,228
Massachusetts,2021,Marijuana Possession,0,0,0,0,0,258
Massachusetts,2021,Marijuana Trafficking,0,1,1,0,1,258
Massachusetts,2022,Marijuana Possession,0,0,0,0,0,288
Massachusetts,2022,Marijuana Trafficking,0,4,4,0,1,288
Massachusetts,2023,Marijuana Possession,0,0,0,0,0,286
Massachusetts,2023,Marijuana Trafficking,0,0,0,0,0,286
Massachusetts,2024,Marijuana Possession,0,0,0,0,0,306
Massachusetts,2024,Marijuana Trafficking,0,2,2,0,1,306
Michigan,2014,Marijuana Possession,1,0,2,0.5,0,1347
Michigan,2014,Marijuana Trafficking,2,53,55,0.0363636363636364,0.963636363636364,1347
Michigan,2015,Marijuana Possession,3,0,3,1,0,1242
Michigan,2015,Marijuana Trafficking,16,53,68,0.235294117647059,0.779411764705882,1242
Michigan,2016,Marijuana Possession,0,0,0,0,0,899
Michigan,2016,Marijuana Trafficking,0,16,16,0,1,899
Michigan,2017,Marijuana Possession,0,0,0,0,0,948
Michigan,2017,Marijuana Trafficking,0,11,11,0,1,948
Michigan,2018,Marijuana Possession,0,0,0,0,0,989
Michigan,2018,Marijuana Trafficking,0,6,6,0,1,989
Michigan,2019,Marijuana Possession,0,0,0,0,0,957
Michigan,2019,Marijuana Trafficking,0,22,22,0,1,957
Michigan,2020,Marijuana Possession,0,0,0,0,0,690
Michigan,2020,Marijuana Trafficking,1,9,10,0.1,0.9,690
Michigan,2021,Marijuana Possession,0,0,0,0,0,650
Michigan,2021,Marijuana Trafficking,1,3,4,0.25,0.75,650
Michigan,2022,Marijuana Possession,0,0,0,0,0,760
Michigan,2022,Marijuana Trafficking,0,2,2,0,1,760
Michigan,2023,Marijuana Possession,0,0,0,0,0,746
Michigan,2023,Marijuana Trafficking,0,2,2,0,1,746
Michigan,2024,Marijuana Possession,0,0,0,0,0,687
Michigan,2024,Marijuana Trafficking,0,0,0,0,0,687
Minnesota,2014,Marijuana Possession,0,0,0,0,0,291
Minnesota,2014,Marijuana Trafficking,3,8,9,0.333333333333333,0.888888888888889,291
Minnesota,2015,Marijuana Possession,0,0,0,0,0,377
Minnesota,2015,Marijuana Trafficking,0,0,0,0,0,377
Minnesota,2016,Marijuana Possession,0,0,0,0,0,419
Minnesota,2016,Marijuana Trafficking,1,4,4,0.25,1,419
Minnesota,2017,Marijuana Possession,0,0,0,0,0,368
Minnesota,2017,Marijuana Trafficking,1,3,4,0.25,0.75,368
Minnesota,2018,Marijuana Possession,0,0,0,0,0,249
Minnesota,2018,Marijuana Trafficking,0,0,0,0,0,249
Minnesota,2019,Marijuana Possession,0,0,0,0,0,326
Minnesota,2019,Marijuana Trafficking,0,0,0,0,0,326
Minnesota,2020,Marijuana Possession,0,0,0,0,0,268
Minnesota,2020,Marijuana Trafficking,0,0,0,0,0,268
Minnesota,2021,Marijuana Possession,0,0,0,0,0,224
Minnesota,2021,Marijuana Trafficking,0,0,0,0,0,224
Minnesota,2022,Marijuana Possession,0,0,0,0,0,276
Minnesota,2022,Marijuana Trafficking,0,0,0,0,0,276
Minnesota,2023,Marijuana Possession,0,0,0,0,0,304
Minnesota,2023,Marijuana Trafficking,0,2,2,0,1,304
Minnesota,2024,Marijuana Possession,0,0,0,0,0,345
Minnesota,2024,Marijuana Trafficking,0,0,0,0,0,345
Mississippi,2014,Marijuana Possession,0,0,0,0,0,494
Mississippi,2014,Marijuana Trafficking,0,7,7,0,1,494
Mississippi,2015,Marijuana Possession,1,0,1,1,0,436
Mississippi,2015,Marijuana Trafficking,3,9,12,0.25,0.75,436
Mississippi,2016,Marijuana Possession,0,0,0,0,0,276
Mississippi,2016,Marijuana Trafficking,0,1,1,0,1,276
Mississippi,2017,Marijuana Possession,0,0,0,0,0,303
Mississippi,2017,Marijuana Trafficking,1,3,4,0.25,0.75,303
Mississippi,2018,Marijuana Possession,0,0,0,0,0,384
Mississippi,2018,Marijuana Trafficking,0,8,8,0,1,384
Mississippi,2019,Marijuana Possession,0,0,0,0,0,480
Mississippi,2019,Marijuana Trafficking,0,5,5,0,1,480
Mississippi,2020,Marijuana Possession,0,0,0,0,0,347
Mississippi,2020,Marijuana Trafficking,1,4,5,0.2,0.8,347
Mississippi,2021,Marijuana Possession,0,0,0,0,0,260
Mississippi,2021,Marijuana Trafficking,0,1,1,0,1,260
Mississippi,2022,Marijuana Possession,0,0,0,0,0,358
Mississippi,2022,Marijuana Trafficking,0,3,3,0,1,358
Mississippi,2023,Marijuana Possession,0,0,0,0,0,401
Mississippi,2023,Marijuana Trafficking,0,1,1,0,1,401
Mississippi,2024,Marijuana Possession,0,0,0,0,0,374
Mississippi,2024,Marijuana Trafficking,0,0,0,0,0,374
Missouri,2014,Marijuana Possession,0,0,0,0,0,1526
Missouri,2014,Marijuana Trafficking,5,39,43,0.116279069767442,0.906976744186047,1526
Missouri,2015,Marijuana Possession,0,0,0,0,0,1451
Missouri,2015,Marijuana Trafficking,11,43,55,0.2,0.781818181818182,1451
Missouri,2016,Marijuana Possession,0,0,0,0,0,1281
Missouri,2016,Marijuana Trafficking,8,31,38,0.210526315789474,0.81578947368421,1281
Missouri,2017,Marijuana Possession,0,0,0,0,0,1240
Missouri,2017,Marijuana Trafficking,9,14,23,0.391304347826087,0.608695652173913,1240
Missouri,2018,Marijuana Possession,0,0,0,0,0,1374
Missouri,2018,Marijuana Trafficking,1,22,23,0.0434782608695652,0.956521739130435,1374
Missouri,2019,Marijuana Possession,1,0,1,1,0,1664
Missouri,2019,Marijuana Trafficking,6,23,29,0.206896551724138,0.793103448275862,1664
Missouri,2020,Marijuana Possession,1,0,1,1,0,1427
Missouri,2020,Marijuana Trafficking,9,29,38,0.236842105263158,0.763157894736842,1427
Missouri,2021,Marijuana Possession,0,0,0,0,0,1471
Missouri,2021,Marijuana Trafficking,4,18,22,0.181818181818182,0.818181818181818,1471
Missouri,2022,Marijuana Possession,1,0,1,1,0,1616
Missouri,2022,Marijuana Trafficking,6,23,29,0.206896551724138,0.793103448275862,1616
Missouri,2023,Marijuana Possession,0,0,0,0,0,1567
Missouri,2023,Marijuana Trafficking,2,11,13,0.153846153846154,0.846153846153846,1567
Missouri,2024,Marijuana Possession,0,0,0,0,0,1529
Missouri,2024,Marijuana Trafficking,10,12,22,0.454545454545455,0.545454545454545,1529
Montana,2014,Marijuana Possession,0,0,0,0,0,311
Montana,2014,Marijuana Trafficking,2,3,5,0.4,0.6,311
Montana,2015,Marijuana Possession,0,0,0,0,0,363
Montana,2015,Marijuana Trafficking,0,1,1,0,1,363
Montana,2016,Marijuana Possession,0,0,0,0,0,272
Montana,2016,Marijuana Trafficking,0,1,1,0,1,272
Montana,2017,Marijuana Possession,0,0,0,0,0,248
Montana,2017,Marijuana Trafficking,1,1,2,0.5,0.5,248
Montana,2018,Marijuana Possession,0,0,0,0,0,296
Montana,2018,Marijuana Trafficking,0,1,1,0,1,296
Montana,2019,Marijuana Possession,0,0,0,0,0,305
Montana,2019,Marijuana Trafficking,0,2,2,0,1,305
Montana,2020,Marijuana Possession,0,0,0,0,0,269
Montana,2020,Marijuana Trafficking,0,0,0,0,0,269
Montana,2021,Marijuana Possession,0,0,0,0,0,297
Montana,2021,Marijuana Trafficking,0,0,0,0,0,297
Montana,2022,Marijuana Possession,0,0,0,0,0,285
Montana,2022,Marijuana Trafficking,0,0,0,0,0,285
Montana,2023,Marijuana Possession,0,0,0,0,0,302
Montana,2023,Marijuana Trafficking,0,0,0,0,0,302
Montana,2024,Marijuana Possession,0,0,0,0,0,268
Montana,2024,Marijuana Trafficking,0,0,0,0,0,268
Nebraska,2014,Marijuana Possession,0,0,0,0,0,595
Nebraska,2014,Marijuana Trafficking,1,11,11,0.0909090909090909,1,595
Nebraska,2015,Marijuana Possession,0,0,0,0,0,590
Nebraska,2015,Marijuana Trafficking,2,9,11,0.181818181818182,0.818181818181818,590
Nebraska,2016,Marijuana Possession,0,0,0,0,0,435
Nebraska,2016,Marijuana Trafficking,0,4,4,0,1,435
Nebraska,2017,Marijuana Possession,0,0,0,0,0,478
Nebraska,2017,Marijuana Trafficking,0,3,3,0,1,478
Nebraska,2018,Marijuana Possession,0,0,0,0,0,419
Nebraska,2018,Marijuana Trafficking,0,8,8,0,1,419
Nebraska,2019,Marijuana Possession,0,0,0,0,0,436
Nebraska,2019,Marijuana Trafficking,0,4,4,0,1,436
Nebraska,2020,Marijuana Possession,1,0,1,1,0,393
Nebraska,2020,Marijuana Trafficking,0,6,6,0,1,393
Nebraska,2021,Marijuana Possession,0,0,0,0,0,314
Nebraska,2021,Marijuana Trafficking,0,0,0,0,0,314
Nebraska,2022,Marijuana Possession,0,0,0,0,0,395
Nebraska,2022,Marijuana Trafficking,0,4,4,0,1,395
Nebraska,2023,Marijuana Possession,0,0,0,0,0,473
Nebraska,2023,Marijuana Trafficking,1,14,15,0.0666666666666667,0.933333333333333,473
Nebraska,2024,Marijuana Possession,0,0,0,0,0,361
Nebraska,2024,Marijuana Trafficking,0,3,3,0,1,361
Nevada,2014,Marijuana Possession,1,0,1,1,0,510
Nevada,2014,Marijuana Trafficking,9,11,17,0.529411764705882,0.647058823529412,510
Nevada,2015,Marijuana Possession,0,0,0,0,0,551
Nevada,2015,Marijuana Trafficking,1,12,12,0.0833333333333333,1,551
Nevada,2016,Marijuana Possession,1,0,1,1,0,315
Nevada,2016,Marijuana Trafficking,1,2,2,0.5,1,315
Nevada,2017,Marijuana Possession,1,0,1,1,0,389
Nevada,2017,Marijuana Trafficking,0,4,4,0,1,389
Nevada,2018,Marijuana Possession,0,0,0,0,0,369
Nevada,2018,Marijuana Trafficking,0,2,2,0,1,369
Nevada,2019,Marijuana Possession,1,0,1,1,0,407
Nevada,2019,Marijuana Trafficking,0,0,0,0,0,407
Nevada,2020,Marijuana Possession,1,0,1,1,0,259
Nevada,2020,Marijuana Trafficking,0,3,3,0,1,259
Nevada,2021,Marijuana Possession,0,0,0,0,0,253
Nevada,2021,Marijuana Trafficking,0,1,1,0,1,253
Nevada,2022,Marijuana Possession,0,0,0,0,0,331
Nevada,2022,Marijuana Trafficking,0,0,0,0,0,331
Nevada,2023,Marijuana Possession,0,0,0,0,0,318
Nevada,2023,Marijuana Trafficking,0,0,0,0,0,318
Nevada,2024,Marijuana Possession,0,0,0,0,0,236
Nevada,2024,Marijuana Trafficking,0,0,0,0,0,236
New Hampshire,2014,Marijuana Possession,0,0,0,0,0,150
New Hampshire,2014,Marijuana Trafficking,1,0,1,1,0,150
New Hampshire,2015,Marijuana Possession,2,0,2,1,0,144
New Hampshire,2015,Marijuana Trafficking,2,2,4,0.5,0.5,144
New Hampshire,2016,Marijuana Possession,0,0,0,0,0,130
New Hampshire,2016,Marijuana Trafficking,1,3,4,0.25,0.75,130
New Hampshire,2017,Marijuana Possession,0,0,0,0,0,158
New Hampshire,2017,Marijuana Trafficking,0,0,0,0,0,158
New Hampshire,2018,Marijuana Possession,0,0,0,0,0,135
New Hampshire,2018,Marijuana Trafficking,0,0,0,0,0,135
New Hampshire,2019,Marijuana Possession,0,0,0,0,0,159
New Hampshire,2019,Marijuana Trafficking,0,0,0,0,0,159
New Hampshire,2020,Marijuana Possession,0,0,0,0,0,152
New Hampshire,2020,Marijuana Trafficking,0,0,0,0,0,152
New Hampshire,2021,Marijuana Possession,0,0,0,0,0,161
New Hampshire,2021,Marijuana Trafficking,0,0,0,0,0,161
New Hampshire,2022,Marijuana Possession,0,0,0,0,0,150
New Hampshire,2022,Marijuana Trafficking,0,0,0,0,0,150
New Hampshire,2023,Marijuana Possession,0,0,0,0,0,121
New Hampshire,2023,Marijuana Trafficking,0,0,0,0,0,121
New Hampshire,2024,Marijuana Possession,0,0,0,0,0,89
New Hampshire,2024,Marijuana Trafficking,0,0,0,0,0,89
New Jersey,2014,Marijuana Possession,6,1,9,0.666666666666667,0.111111111111111,668
New Jersey,2014,Marijuana Trafficking,0,2,2,0,1,668
New Jersey,2015,Marijuana Possession,15,0,15,1,0,701
New Jersey,2015,Marijuana Trafficking,2,5,8,0.25,0.625,701
New Jersey,2016,Marijuana Possession,9,0,9,1,0,406
New Jersey,2016,Marijuana Trafficking,0,0,0,0,0,406
New Jersey,2017,Marijuana Possession,12,1,15,0.8,0.0666666666666667,389
New Jersey,2017,Marijuana Trafficking,0,1,1,0,1,389
New Jersey,2018,Marijuana Possession,4,0,4,1,0,297
New Jersey,2018,Marijuana Trafficking,0,1,1,0,1,297
New Jersey,2019,Marijuana Possession,14,0,15,0.933333333333333,0,449
New Jersey,2019,Marijuana Trafficking,0,0,0,0,0,449
New Jersey,2020,Marijuana Possession,5,0,5,1,0,440
New Jersey,2020,Marijuana Trafficking,0,2,2,0,1,440
New Jersey,2021,Marijuana Possession,2,0,2,1,0,452
New Jersey,2021,Marijuana Trafficking,1,2,3,0.333333333333333,0.666666666666667,452
New Jersey,2022,Marijuana Possession,0,0,0,0,0,463
New Jersey,2022,Marijuana Trafficking,0,1,1,0,1,463
New Jersey,2023,Marijuana Possession,0,0,0,0,0,518
New Jersey,2023,Marijuana Trafficking,0,1,1,0,1,518
New Jersey,2024,Marijuana Possession,0,0,0,0,0,592
New Jersey,2024,Marijuana Trafficking,1,0,1,1,0,592
New Mexico,2014,Marijuana Possession,1,1,2,0.5,0.5,4329
New Mexico,2014,Marijuana Trafficking,15,106,346,0.0433526011560694,0.30635838150289,4329
New Mexico,2015,Marijuana Possession,0,0,0,0,0,4434
New Mexico,2015,Marijuana Trafficking,19,127,315,0.0603174603174603,0.403174603174603,4434
New Mexico,2016,Marijuana Possession,0,0,0,0,0,2789
New Mexico,2016,Marijuana Trafficking,6,76,102,0.0588235294117647,0.745098039215686,2789
New Mexico,2017,Marijuana Possession,1,0,1,1,0,2430
New Mexico,2017,Marijuana Trafficking,3,92,104,0.0288461538461538,0.884615384615385,2430
New Mexico,2018,Marijuana Possession,0,0,0,0,0,2395
New Mexico,2018,Marijuana Trafficking,1,50,54,0.0185185185185185,0.925925925925926,2395
New Mexico,2019,Marijuana Possession,0,0,0,0,0,2528
New Mexico,2019,Marijuana Trafficking,3,20,30,0.1,0.666666666666667,2528
New Mexico,2020,Marijuana Possession,1,0,1,1,0,2103
New Mexico,2020,Marijuana Trafficking,1,13,17,0.0588235294117647,0.764705882352941,2103
New Mexico,2021,Marijuana Possession,0,0,0,0,0,1129
New Mexico,2021,Marijuana Trafficking,0,10,12,0,0.833333333333333,1129
New Mexico,2022,Marijuana Possession,0,0,0,0,0,1717
New Mexico,2022,Marijuana Trafficking,0,2,3,0,0.666666666666667,1717
New Mexico,2023,Marijuana Possession,0,0,0,0,0,1693
New Mexico,2023,Marijuana Trafficking,0,7,7,0,1,1693
New Mexico,2024,Marijuana Possession,0,0,0,0,0,1378
New Mexico,2024,Marijuana Trafficking,0,1,1,0,1,1378
New York,2014,Marijuana Possession,3,2,5,0.6,0.4,3632
New York,2014,Marijuana Trafficking,25,139,153,0.163398692810458,0.908496732026144,3632
New York,2015,Marijuana Possession,0,0,1,0,0,3307
New York,2015,Marijuana Trafficking,25,115,135,0.185185185185185,0.851851851851852,3307
New York,2016,Marijuana Possession,1,1,2,0.5,0.5,1707
New York,2016,Marijuana Trafficking,13,43,52,0.25,0.826923076923077,1707
New York,2017,Marijuana Possession,0,0,1,0,0,1838
New York,2017,Marijuana Trafficking,16,44,49,0.326530612244898,0.897959183673469,1838
New York,2018,Marijuana Possession,1,2,3,0.333333333333333,0.666666666666667,1826
New York,2018,Marijuana Trafficking,0,44,51,0,0.862745098039216,1826
New York,2019,Marijuana Possession,1,0,1,1,0,1906
New York,2019,Marijuana Trafficking,1,37,38,0.0263157894736842,0.973684210526316,1906
New York,2020,Marijuana Possession,1,0,1,1,0,1194
New York,2020,Marijuana Trafficking,2,12,14,0.142857142857143,0.857142857142857,1194
New York,2021,Marijuana Possession,0,0,0,0,0,1221
New York,2021,Marijuana Trafficking,2,16,18,0.111111111111111,0.888888888888889,1221
New York,2022,Marijuana Possession,0,0,0,0,0,1799
New York,2022,Marijuana Trafficking,1,19,22,0.0454545454545455,0.863636363636364,1799
New York,2023,Marijuana Possession,0,0,0,0,0,1661
New York,2023,Marijuana Trafficking,0,28,29,0,0.96551724137931,1661
New York,2024,Marijuana Possession,0,0,0,0,0,1533
New York,2024,Marijuana Trafficking,8,17,25,0.32,0.68,1533
North Carolina,2014,Marijuana Possession,23,1,27,0.851851851851852,0.037037037037037,1822
North Carolina,2014,Marijuana Trafficking,7,53,59,0.11864406779661,0.898305084745763,1822
North Carolina,2015,Marijuana Possession,28,2,40,0.7,0.05,1787
North Carolina,2015,Marijuana Trafficking,7,33,40,0.175,0.825,1787
North Carolina,2016,Marijuana Possession,1,0,2,0.5,0,1422
North Carolina,2016,Marijuana Trafficking,0,14,14,0,1,1422
North Carolina,2017,Marijuana Possession,0,0,0,0,0,1317
North Carolina,2017,Marijuana Trafficking,6,23,28,0.214285714285714,0.821428571428571,1317
North Carolina,2018,Marijuana Possession,1,0,1,1,0,1447
North Carolina,2018,Marijuana Trafficking,1,19,20,0.05,0.95,1447
North Carolina,2019,Marijuana Possession,0,1,2,0,0.5,1630
North Carolina,2019,Marijuana Trafficking,7,14,21,0.333333333333333,0.666666666666667,1630
North Carolina,2020,Marijuana Possession,0,0,0,0,0,1399
North Carolina,2020,Marijuana Trafficking,1,14,15,0.0666666666666667,0.933333333333333,1399
North Carolina,2021,Marijuana Possession,0,0,0,0,0,1493
North Carolina,2021,Marijuana Trafficking,2,16,18,0.111111111111111,0.888888888888889,1493
North Carolina,2022,Marijuana Possession,0,0,0,0,0,1474
North Carolina,2022,Marijuana Trafficking,2,20,22,0.0909090909090909,0.909090909090909,1474
North Carolina,2023,Marijuana Possession,0,0,0,0,0,1281
North Carolina,2023,Marijuana Trafficking,2,6,8,0.25,0.75,1281
North Carolina,2024,Marijuana Possession,0,0,0,0,0,1131
North Carolina,2024,Marijuana Trafficking,0,6,6,0,1,1131
North Dakota,2014,Marijuana Possession,0,0,0,0,0,339
North Dakota,2014,Marijuana Trafficking,1,2,3,0.333333333333333,0.666666666666667,339
North Dakota,2015,Marijuana Possession,0,0,0,0,0,424
North Dakota,2015,Marijuana Trafficking,0,2,2,0,1,424
North Dakota,2016,Marijuana Possession,0,0,0,0,0,316
North Dakota,2016,Marijuana Trafficking,0,0,0,0,0,316
North Dakota,2017,Marijuana Possession,0,0,0,0,0,280
North Dakota,2017,Marijuana Trafficking,0,0,0,0,0,280
North Dakota,2018,Marijuana Possession,0,0,0,0,0,316
North Dakota,2018,Marijuana Trafficking,0,0,0,0,0,316
North Dakota,2019,Marijuana Possession,0,0,0,0,0,264
North Dakota,2019,Marijuana Trafficking,0,2,2,0,1,264
North Dakota,2020,Marijuana Possession,0,0,0,0,0,217
North Dakota,2020,Marijuana Trafficking,0,0,0,0,0,217
North Dakota,2021,Marijuana Possession,0,0,0,0,0,259
North Dakota,2021,Marijuana Trafficking,0,0,0,0,0,259
North Dakota,2022,Marijuana Possession,0,1,1,0,1,293
North Dakota,2022,Marijuana Trafficking,0,2,2,0,1,293
North Dakota,2023,Marijuana Possession,0,0,0,0,0,343
North Dakota,2023,Marijuana Trafficking,0,2,2,0,1,343
North Dakota,2024,Marijuana Possession,0,0,0,0,0,283
North Dakota,2024,Marijuana Trafficking,0,2,2,0,1,283
North Mariana Islands,2014,Marijuana Possession,0,0,0,0,0,15
North Mariana Islands,2014,Marijuana Trafficking,0,0,0,0,0,15
North Mariana Islands,2015,Marijuana Possession,0,0,0,0,0,13
North Mariana Islands,2015,Marijuana Trafficking,0,0,0,0,0,13
North Mariana Islands,2016,Marijuana Possession,0,0,0,0,0,5
North Mariana Islands,2016,Marijuana Trafficking,0,0,0,0,0,5
North Mariana Islands,2017,Marijuana Possession,0,0,0,0,0,4
North Mariana Islands,2017,Marijuana Trafficking,0,0,0,0,0,4
North Mariana Islands,2018,Marijuana Possession,0,0,0,0,0,1
North Mariana Islands,2018,Marijuana Trafficking,0,0,0,0,0,1
North Mariana Islands,2019,Marijuana Possession,0,0,0,0,0,4
North Mariana Islands,2019,Marijuana Trafficking,0,0,0,0,0,4
North Mariana Islands,2020,Marijuana Possession,0,0,0,0,0,2
North Mariana Islands,2020,Marijuana Trafficking,0,0,0,0,0,2
North Mariana Islands,2021,Marijuana Possession,0,0,0,0,0,4
North Mariana Islands,2021,Marijuana Trafficking,0,0,0,0,0,4
North Mariana Islands,2022,Marijuana Possession,0,0,0,0,0,1
North Mariana Islands,2022,Marijuana Trafficking,0,0,0,0,0,1
North Mariana Islands,2023,Marijuana Possession,0,0,0,0,0,3
North Mariana Islands,2023,Marijuana Trafficking,0,0,0,0,0,3
North Mariana Islands,2024,Marijuana Possession,0,0,0,0,0,4
North Mariana Islands,2024,Marijuana Trafficking,0,0,0,0,0,4
Ohio,2014,Marijuana Possession,4,0,6,0.666666666666667,0,1417
Ohio,2014,Marijuana Trafficking,8,55,61,0.131147540983607,0.901639344262295,1417
Ohio,2015,Marijuana Possession,2,0,2,1,0,1270
Ohio,2015,Marijuana Trafficking,5,14,18,0.277777777777778,0.777777777777778,1270
Ohio,2016,Marijuana Possession,0,0,1,0,0,842
Ohio,2016,Marijuana Trafficking,9,6,15,0.6,0.4,842
Ohio,2017,Marijuana Possession,0,0,1,0,0,809
Ohio,2017,Marijuana Trafficking,1,10,11,0.0909090909090909,0.909090909090909,809
Ohio,2018,Marijuana Possession,1,0,1,1,0,979
Ohio,2018,Marijuana Trafficking,1,7,8,0.125,0.875,979
Ohio,2019,Marijuana Possession,2,0,2,1,0,1152
Ohio,2019,Marijuana Trafficking,3,10,13,0.230769230769231,0.769230769230769,1152
Ohio,2020,Marijuana Possession,0,1,2,0,0.5,1064
Ohio,2020,Marijuana Trafficking,3,5,8,0.375,0.625,1064
Ohio,2021,Marijuana Possession,0,0,0,0,0,1087
Ohio,2021,Marijuana Trafficking,3,7,10,0.3,0.7,1087
Ohio,2022,Marijuana Possession,0,1,1,0,1,1477
Ohio,2022,Marijuana Trafficking,3,14,17,0.176470588235294,0.823529411764706,1477
Ohio,2023,Marijuana Possession,0,0,0,0,0,1204
Ohio,2023,Marijuana Trafficking,1,5,6,0.166666666666667,0.833333333333333,1204
Ohio,2024,Marijuana Possession,0,0,0,0,0,1161
Ohio,2024,Marijuana Trafficking,1,5,6,0.166666666666667,0.833333333333333,1161
Oklahoma,2014,Marijuana Possession,5,0,7,0.714285714285714,0,714
Oklahoma,2014,Marijuana Trafficking,3,7,10,0.3,0.7,714
Oklahoma,2015,Marijuana Possession,5,0,6,0.833333333333333,0,622
Oklahoma,2015,Marijuana Trafficking,7,9,18,0.388888888888889,0.5,622
Oklahoma,2016,Marijuana Possession,3,0,6,0.5,0,466
Oklahoma,2016,Marijuana Trafficking,6,5,11,0.545454545454545,0.454545454545455,466
Oklahoma,2017,Marijuana Possession,3,0,3,1,0,391
Oklahoma,2017,Marijuana Trafficking,2,1,3,0.666666666666667,0.333333333333333,391
Oklahoma,2018,Marijuana Possession,6,0,7,0.857142857142857,0,457
Oklahoma,2018,Marijuana Trafficking,1,5,6,0.166666666666667,0.833333333333333,457
Oklahoma,2019,Marijuana Possession,1,0,3,0.333333333333333,0,509
Oklahoma,2019,Marijuana Trafficking,0,6,8,0,0.75,509
Oklahoma,2020,Marijuana Possession,0,0,0,0,0,591
Oklahoma,2020,Marijuana Trafficking,1,11,12,0.0833333333333333,0.916666666666667,591
Oklahoma,2021,Marijuana Possession,0,0,0,0,0,577
Oklahoma,2021,Marijuana Trafficking,0,1,1,0,1,577
Oklahoma,2022,Marijuana Possession,1,0,2,0.5,0,760
Oklahoma,2022,Marijuana Trafficking,3,4,7,0.428571428571429,0.571428571428571,760
Oklahoma,2023,Marijuana Possession,0,0,0,0,0,965
Oklahoma,2023,Marijuana Trafficking,0,0,0,0,0,965
Oklahoma,2024,Marijuana Possession,0,0,0,0,0,1238
Oklahoma,2024,Marijuana Trafficking,1,4,5,0.2,0.8,1238
Oregon,2014,Marijuana Possession,0,0,0,0,0,602
Oregon,2014,Marijuana Trafficking,11,24,25,0.44,0.96,602
Oregon,2015,Marijuana Possession,0,0,0,0,0,582
Oregon,2015,Marijuana Trafficking,5,13,18,0.277777777777778,0.722222222222222,582
Oregon,2016,Marijuana Possession,0,0,0,0,0,281
Oregon,2016,Marijuana Trafficking,5,3,7,0.714285714285714,0.428571428571429,281
Oregon,2017,Marijuana Possession,0,0,0,0,0,282
Oregon,2017,Marijuana Trafficking,0,2,2,0,1,282
Oregon,2018,Marijuana Possession,0,0,0,0,0,318
Oregon,2018,Marijuana Trafficking,0,2,3,0,0.666666666666667,318
Oregon,2019,Marijuana Possession,1,0,1,1,0,354
Oregon,2019,Marijuana Trafficking,0,6,6,0,1,354
Oregon,2020,Marijuana Possession,0,0,0,0,0,281
Oregon,2020,Marijuana Trafficking,2,3,5,0.4,0.6,281
Oregon,2021,Marijuana Possession,0,0,0,0,0,282
Oregon,2021,Marijuana Trafficking,4,2,6,0.666666666666667,0.333333333333333,282
Oregon,2022,Marijuana Possession,0,0,1,0,0,279
Oregon,2022,Marijuana Trafficking,1,5,6,0.166666666666667,0.833333333333333,279
Oregon,2023,Marijuana Possession,0,0,0,0,0,296
Oregon,2023,Marijuana Trafficking,0,0,0,0,0,296
Oregon,2024,Marijuana Possession,0,0,0,0,0,390
Oregon,2024,Marijuana Trafficking,0,0,0,0,0,390
Pennsylvania,2014,Marijuana Possession,2,1,3,0.666666666666667,0.333333333333333,1674
Pennsylvania,2014,Marijuana Trafficking,24,27,51,0.470588235294118,0.529411764705882,1674
Pennsylvania,2015,Marijuana Possession,1,0,1,1,0,1573
Pennsylvania,2015,Marijuana Trafficking,8,15,23,0.347826086956522,0.652173913043478,1573
Pennsylvania,2016,Marijuana Possession,0,0,0,0,0,833
Pennsylvania,2016,Marijuana Trafficking,1,9,10,0.1,0.9,833
Pennsylvania,2017,Marijuana Possession,0,0,0,0,0,980
Pennsylvania,2017,Marijuana Trafficking,2,5,7,0.285714285714286,0.714285714285714,980
Pennsylvania,2018,Marijuana Possession,0,0,0,0,0,972
Pennsylvania,2018,Marijuana Trafficking,1,7,9,0.111111111111111,0.777777777777778,972
Pennsylvania,2019,Marijuana Possession,0,0,0,0,0,1043
Pennsylvania,2019,Marijuana Trafficking,0,8,8,0,1,1043
Pennsylvania,2020,Marijuana Possession,0,0,0,0,0,826
Pennsylvania,2020,Marijuana Trafficking,0,2,2,0,1,826
Pennsylvania,2021,Marijuana Possession,0,0,0,0,0,802
Pennsylvania,2021,Marijuana Trafficking,1,0,1,1,0,802
Pennsylvania,2022,Marijuana Possession,0,0,0,0,0,1121
Pennsylvania,2022,Marijuana Trafficking,5,6,11,0.454545454545455,0.545454545454545,1121
Pennsylvania,2023,Marijuana Possession,0,0,0,0,0,1071
Pennsylvania,2023,Marijuana Trafficking,0,6,6,0,1,1071
Pennsylvania,2024,Marijuana Possession,0,0,0,0,0,1048
Pennsylvania,2024,Marijuana Trafficking,1,4,5,0.2,0.8,1048
Puerto Rico,2014,Marijuana Possession,0,0,0,0,0,1477
Puerto Rico,2014,Marijuana Trafficking,7,34,39,0.17948717948718,0.871794871794872,1477
Puerto Rico,2015,Marijuana Possession,0,0,0,0,0,1478
Puerto Rico,2015,Marijuana Trafficking,3,27,29,0.103448275862069,0.931034482758621,1478
Puerto Rico,2016,Marijuana Possession,0,0,0,0,0,521
Puerto Rico,2016,Marijuana Trafficking,1,9,10,0.1,0.9,521
Puerto Rico,2017,Marijuana Possession,0,0,0,0,0,529
Puerto Rico,2017,Marijuana Trafficking,0,14,14,0,1,529
Puerto Rico,2018,Marijuana Possession,0,0,0,0,0,389
Puerto Rico,2018,Marijuana Trafficking,0,9,9,0,1,389
Puerto Rico,2019,Marijuana Possession,0,0,0,0,0,630
Puerto Rico,2019,Marijuana Trafficking,1,25,26,0.0384615384615385,0.961538461538461,630
Puerto Rico,2020,Marijuana Possession,0,0,0,0,0,498
Puerto Rico,2020,Marijuana Trafficking,0,17,17,0,1,498
Puerto Rico,2021,Marijuana Possession,0,0,0,0,0,407
Puerto Rico,2021,Marijuana Trafficking,1,4,5,0.2,0.8,407
Puerto Rico,2022,Marijuana Possession,0,0,0,0,0,400
Puerto Rico,2022,Marijuana Trafficking,0,4,4,0,1,400
Puerto Rico,2023,Marijuana Possession,0,0,0,0,0,510
Puerto Rico,2023,Marijuana Trafficking,0,7,7,0,1,510
Puerto Rico,2024,Marijuana Possession,0,0,0,0,0,443
Puerto Rico,2024,Marijuana Trafficking,0,5,5,0,1,443
Rhode Island,2014,Marijuana Possession,0,0,0,0,0,173
Rhode Island,2014,Marijuana Trafficking,1,2,3,0.333333333333333,0.666666666666667,173
Rhode Island,2015,Marijuana Possession,0,0,0,0,0,120
Rhode Island,2015,Marijuana Trafficking,0,2,2,0,1,120
Rhode Island,2016,Marijuana Possession,0,0,0,0,0,66
Rhode Island,2016,Marijuana Trafficking,0,0,0,0,0,66
Rhode Island,2017,Marijuana Possession,0,0,0,0,0,62
Rhode Island,2017,Marijuana Trafficking,2,2,4,0.5,0.5,62
Rhode Island,2018,Marijuana Possession,0,0,0,0,0,66
Rhode Island,2018,Marijuana Trafficking,1,0,1,1,0,66
Rhode Island,2019,Marijuana Possession,0,0,0,0,0,85
Rhode Island,2019,Marijuana Trafficking,0,0,0,0,0,85
Rhode Island,2020,Marijuana Possession,0,0,0,0,0,68
Rhode Island,2020,Marijuana Trafficking,0,1,1,0,1,68
Rhode Island,2021,Marijuana Possession,0,0,0,0,0,50
Rhode Island,2021,Marijuana Trafficking,0,0,0,0,0,50
Rhode Island,2022,Marijuana Possession,0,0,0,0,0,72
Rhode Island,2022,Marijuana Trafficking,0,0,0,0,0,72
Rhode Island,2023,Marijuana Possession,0,0,0,0,0,78
Rhode Island,2023,Marijuana Trafficking,0,1,1,0,1,78
Rhode Island,2024,Marijuana Possession,0,0,0,0,0,65
Rhode Island,2024,Marijuana Trafficking,0,0,0,0,0,65
South Carolina,2014,Marijuana Possession,0,0,0,0,0,752
South Carolina,2014,Marijuana Trafficking,1,10,11,0.0909090909090909,0.909090909090909,752
South Carolina,2015,Marijuana Possession,0,0,0,0,0,642
South Carolina,2015,Marijuana Trafficking,1,3,4,0.25,0.75,642
South Carolina,2016,Marijuana Possession,0,0,0,0,0,507
South Carolina,2016,Marijuana Trafficking,0,4,4,0,1,507
South Carolina,2017,Marijuana Possession,0,0,0,0,0,587
South Carolina,2017,Marijuana Trafficking,1,2,3,0.333333333333333,0.666666666666667,587
South Carolina,2018,Marijuana Possession,0,0,0,0,0,806
South Carolina,2018,Marijuana Trafficking,2,7,9,0.222222222222222,0.777777777777778,806
South Carolina,2019,Marijuana Possession,0,0,0,0,0,890
South Carolina,2019,Marijuana Trafficking,1,6,8,0.125,0.75,890
South Carolina,2020,Marijuana Possession,0,0,0,0,0,497
South Carolina,2020,Marijuana Trafficking,1,6,7,0.142857142857143,0.857142857142857,497
South Carolina,2021,Marijuana Possession,0,1,1,0,1,450
South Carolina,2021,Marijuana Trafficking,0,5,5,0,1,450
South Carolina,2022,Marijuana Possession,0,0,0,0,0,467
South Carolina,2022,Marijuana Trafficking,6,8,14,0.428571428571429,0.571428571428571,467
South Carolina,2023,Marijuana Possession,0,0,0,0,0,531
South Carolina,2023,Marijuana Trafficking,8,11,19,0.421052631578947,0.578947368421053,531
South Carolina,2024,Marijuana Possession,0,0,0,0,0,470
South Carolina,2024,Marijuana Trafficking,2,8,10,0.2,0.8,470
South Dakota,2014,Marijuana Possession,0,1,1,0,1,534
South Dakota,2014,Marijuana Trafficking,8,33,41,0.195121951219512,0.804878048780488,534
South Dakota,2015,Marijuana Possession,0,0,0,0,0,436
South Dakota,2015,Marijuana Trafficking,4,6,10,0.4,0.6,436
South Dakota,2016,Marijuana Possession,0,0,0,0,0,385
South Dakota,2016,Marijuana Trafficking,0,4,4,0,1,385
South Dakota,2017,Marijuana Possession,0,1,2,0,0.5,406
South Dakota,2017,Marijuana Trafficking,1,2,3,0.333333333333333,0.666666666666667,406
South Dakota,2018,Marijuana Possession,1,0,1,1,0,385
South Dakota,2018,Marijuana Trafficking,0,2,2,0,1,385
South Dakota,2019,Marijuana Possession,0,0,0,0,0,414
South Dakota,2019,Marijuana Trafficking,0,5,5,0,1,414
South Dakota,2020,Marijuana Possession,0,0,0,0,0,436
South Dakota,2020,Marijuana Trafficking,0,2,2,0,1,436
South Dakota,2021,Marijuana Possession,1,0,1,1,0,396
South Dakota,2021,Marijuana Trafficking,0,0,0,0,0,396
South Dakota,2022,Marijuana Possession,0,0,0,0,0,474
South Dakota,2022,Marijuana Trafficking,0,1,1,0,1,474
South Dakota,2023,Marijuana Possession,0,0,0,0,0,431
South Dakota,2023,Marijuana Trafficking,0,1,1,0,1,431
South Dakota,2024,Marijuana Possession,0,0,0,0,0,478
South Dakota,2024,Marijuana Trafficking,1,1,2,0.5,0.5,478
Tennessee,2014,Marijuana Possession,0,0,2,0,0,1599
Tennessee,2014,Marijuana Trafficking,6,47,52,0.115384615384615,0.903846153846154,1599
Tennessee,2015,Marijuana Possession,2,0,2,1,0,1429
Tennessee,2015,Marijuana Trafficking,11,40,52,0.211538461538462,0.769230769230769,1429
Tennessee,2016,Marijuana Possession,1,0,1,1,0,1210
Tennessee,2016,Marijuana Trafficking,2,27,28,0.0714285714285714,0.964285714285714,1210
Tennessee,2017,Marijuana Possession,0,0,0,0,0,1041
Tennessee,2017,Marijuana Trafficking,0,11,11,0,1,1041
Tennessee,2018,Marijuana Possession,0,0,0,0,0,1112
Tennessee,2018,Marijuana Trafficking,3,26,29,0.103448275862069,0.896551724137931,1112
Tennessee,2019,Marijuana Possession,0,0,0,0,0,1402
Tennessee,2019,Marijuana Trafficking,4,27,31,0.129032258064516,0.870967741935484,1402
Tennessee,2020,Marijuana Possession,0,0,0,0,0,1033
Tennessee,2020,Marijuana Trafficking,2,10,13,0.153846153846154,0.769230769230769,1033
Tennessee,2021,Marijuana Possession,0,0,0,0,0,1062
Tennessee,2021,Marijuana Trafficking,1,13,14,0.0714285714285714,0.928571428571429,1062
Tennessee,2022,Marijuana Possession,0,0,0,0,0,1281
Tennessee,2022,Marijuana Trafficking,0,13,14,0,0.928571428571429,1281
Tennessee,2023,Marijuana Possession,0,0,0,0,0,1191
Tennessee,2023,Marijuana Trafficking,3,10,13,0.230769230769231,0.769230769230769,1191
Tennessee,2024,Marijuana Possession,0,0,0,0,0,1051
Tennessee,2024,Marijuana Trafficking,1,12,13,0.0769230769230769,0.923076923076923,1051
Texas,2014,Marijuana Possession,52,27,90,0.577777777777778,0.3,15430
Texas,2014,Marijuana Trafficking,58,1172,1294,0.044822256568779,0.905718701700155,15430
Texas,2015,Marijuana Possession,87,24,124,0.701612903225807,0.193548387096774,15113
Texas,2015,Marijuana Trafficking,91,1115,1284,0.0708722741433022,0.868380062305296,15113
Texas,2016,Marijuana Possession,16,4,23,0.695652173913044,0.173913043478261,10838
Texas,2016,Marijuana Trafficking,28,565,601,0.0465890183028286,0.940099833610649,10838
Texas,2017,Marijuana Possession,14,3,19,0.736842105263158,0.157894736842105,11612
Texas,2017,Marijuana Trafficking,34,465,499,0.0681362725450902,0.93186372745491,11612
Texas,2018,Marijuana Possession,13,2,18,0.722222222222222,0.111111111111111,11707
Texas,2018,Marijuana Trafficking,17,404,432,0.0393518518518519,0.935185185185185,11707
Texas,2019,Marijuana Possession,6,0,10,0.6,0,14344
Texas,2019,Marijuana Trafficking,15,275,298,0.0503355704697987,0.922818791946309,14344
Texas,2020,Marijuana Possession,5,0,6,0.833333333333333,0,12554
Texas,2020,Marijuana Trafficking,13,193,211,0.0616113744075829,0.914691943127962,12554
Texas,2021,Marijuana Possession,1,0,4,0.25,0,11092
Texas,2021,Marijuana Trafficking,5,177,189,0.0264550264550265,0.936507936507937,11092
Texas,2022,Marijuana Possession,5,1,6,0.833333333333333,0.166666666666667,11112
Texas,2022,Marijuana Trafficking,7,122,133,0.0526315789473684,0.917293233082707,11112
Texas,2023,Marijuana Possession,0,0,0,0,0,11008
Texas,2023,Marijuana Trafficking,4,83,88,0.0454545454545455,0.943181818181818,11008
Texas,2024,Marijuana Possession,0,0,0,0,0,10970
Texas,2024,Marijuana Trafficking,3,55,59,0.0508474576271187,0.932203389830508,10970
Utah,2014,Marijuana Possession,4,1,11,0.363636363636364,0.0909090909090909,624
Utah,2014,Marijuana Trafficking,5,11,16,0.3125,0.6875,624
Utah,2015,Marijuana Possession,1,0,1,1,0,618
Utah,2015,Marijuana Trafficking,0,2,2,0,1,618
Utah,2016,Marijuana Possession,0,0,0,0,0,554
Utah,2016,Marijuana Trafficking,0,0,0,0,0,554
Utah,2017,Marijuana Possession,0,0,0,0,0,608
Utah,2017,Marijuana Trafficking,1,0,1,1,0,608
Utah,2018,Marijuana Possession,0,0,0,0,0,563
Utah,2018,Marijuana Trafficking,1,2,3,0.333333333333333,0.666666666666667,563
Utah,2019,Marijuana Possession,0,0,0,0,0,573
Utah,2019,Marijuana Trafficking,0,0,0,0,0,573
Utah,2020,Marijuana Possession,0,0,0,0,0,563
Utah,2020,Marijuana Trafficking,1,1,2,0.5,0.5,563
Utah,2021,Marijuana Possession,0,0,0,0,0,549
Utah,2021,Marijuana Trafficking,1,2,3,0.333333333333333,0.666666666666667,549
Utah,2022,Marijuana Possession,0,0,0,0,0,602
Utah,2022,Marijuana Trafficking,0,4,4,0,1,602
Utah,2023,Marijuana Possession,0,0,0,0,0,620
Utah,2023,Marijuana Trafficking,0,3,3,0,1,620
Utah,2024,Marijuana Possession,0,0,0,0,0,505
Utah,2024,Marijuana Trafficking,0,0,0,0,0,505
Vermont,2014,Marijuana Possession,0,0,0,0,0,205
Vermont,2014,Marijuana Trafficking,1,2,3,0.333333333333333,0.666666666666667,205
Vermont,2015,Marijuana Possession,0,0,0,0,0,179
Vermont,2015,Marijuana Trafficking,2,12,13,0.153846153846154,0.923076923076923,179
Vermont,2016,Marijuana Possession,0,0,0,0,0,137
Vermont,2016,Marijuana Trafficking,1,0,1,1,0,137
Vermont,2017,Marijuana Possession,0,0,0,0,0,126
Vermont,2017,Marijuana Trafficking,0,0,0,0,0,126
Vermont,2018,Marijuana Possession,0,0,0,0,0,112
Vermont,2018,Marijuana Trafficking,0,1,1,0,1,112
Vermont,2019,Marijuana Possession,0,0,0,0,0,130
Vermont,2019,Marijuana Trafficking,0,2,2,0,1,130
Vermont,2020,Marijuana Possession,1,0,1,1,0,122
Vermont,2020,Marijuana Trafficking,1,3,4,0.25,0.75,122
Vermont,2021,Marijuana Possession,0,0,0,0,0,98
Vermont,2021,Marijuana Trafficking,0,2,2,0,1,98
Vermont,2022,Marijuana Possession,0,0,0,0,0,108
Vermont,2022,Marijuana Trafficking,0,2,2,0,1,108
Vermont,2023,Marijuana Possession,0,0,0,0,0,99
Vermont,2023,Marijuana Trafficking,0,0,0,0,0,99
Vermont,2024,Marijuana Possession,0,0,0,0,0,120
Vermont,2024,Marijuana Trafficking,0,0,0,0,0,120
Virgin Islands,2014,Marijuana Possession,2,0,3,0.666666666666667,0,62
Virgin Islands,2014,Marijuana Trafficking,0,5,5,0,1,62
Virgin Islands,2015,Marijuana Possession,0,1,1,0,1,60
Virgin Islands,2015,Marijuana Trafficking,1,3,4,0.25,0.75,60
Virgin Islands,2016,Marijuana Possession,0,0,0,0,0,33
Virgin Islands,2016,Marijuana Trafficking,3,6,9,0.333333333333333,0.666666666666667,33
Virgin Islands,2017,Marijuana Possession,0,0,0,0,0,27
Virgin Islands,2017,Marijuana Trafficking,0,3,3,0,1,27
Virgin Islands,2018,Marijuana Possession,0,0,0,0,0,25
Virgin Islands,2018,Marijuana Trafficking,0,2,2,0,1,25
Virgin Islands,2019,Marijuana Possession,0,0,0,0,0,31
Virgin Islands,2019,Marijuana Trafficking,0,1,1,0,1,31
Virgin Islands,2020,Marijuana Possession,0,0,0,0,0,13
Virgin Islands,2020,Marijuana Trafficking,0,1,1,0,1,13
Virgin Islands,2021,Marijuana Possession,0,0,0,0,0,23
Virgin Islands,2021,Marijuana Trafficking,3,2,5,0.6,0.4,23
Virgin Islands,2022,Marijuana Possession,0,0,0,0,0,20
Virgin Islands,2022,Marijuana Trafficking,2,4,6,0.333333333333333,0.666666666666667,20
Virgin Islands,2023,Marijuana Possession,0,0,0,0,0,22
Virgin Islands,2023,Marijuana Trafficking,0,0,0,0,0,22
Virgin Islands,2024,Marijuana Possession,0,0,0,0,0,26
Virgin Islands,2024,Marijuana Trafficking,2,3,5,0.4,0.6,26
Virginia,2014,Marijuana Possession,24,1,33,0.727272727272727,0.0303030303030303,2031
Virginia,2014,Marijuana Trafficking,1,18,19,0.0526315789473684,0.947368421052632,2031
Virginia,2015,Marijuana Possession,23,0,47,0.48936170212766,0,1837
Virginia,2015,Marijuana Trafficking,1,16,17,0.0588235294117647,0.941176470588235,1837
Virginia,2016,Marijuana Possession,0,1,4,0,0.25,873
Virginia,2016,Marijuana Trafficking,0,4,4,0,1,873
Virginia,2017,Marijuana Possession,0,1,1,0,1,754
Virginia,2017,Marijuana Trafficking,1,6,7,0.142857142857143,0.857142857142857,754
Virginia,2018,Marijuana Possession,1,0,1,1,0,807
Virginia,2018,Marijuana Trafficking,0,7,7,0,1,807
Virginia,2019,Marijuana Possession,0,0,0,0,0,788
Virginia,2019,Marijuana Trafficking,0,20,20,0,1,788
Virginia,2020,Marijuana Possession,0,0,1,0,0,600
Virginia,2020,Marijuana Trafficking,0,3,3,0,1,600
Virginia,2021,Marijuana Possession,0,0,0,0,0,653
Virginia,2021,Marijuana Trafficking,1,12,13,0.0769230769230769,0.923076923076923,653
Virginia,2022,Marijuana Possession,0,0,0,0,0,706
Virginia,2022,Marijuana Trafficking,2,3,5,0.4,0.6,706
Virginia,2023,Marijuana Possession,0,0,1,0,0,720
Virginia,2023,Marijuana Trafficking,0,8,8,0,1,720
Virginia,2024,Marijuana Possession,0,0,0,0,0,610
Virginia,2024,Marijuana Trafficking,3,7,10,0.3,0.7,610
Washington,2014,Marijuana Possession,2,3,7,0.285714285714286,0.428571428571429,1066
Washington,2014,Marijuana Trafficking,6,32,36,0.166666666666667,0.888888888888889,1066
Washington,2015,Marijuana Possession,0,0,3,0,0,888
Washington,2015,Marijuana Trafficking,1,23,24,0.0416666666666667,0.958333333333333,888
Washington,2016,Marijuana Possession,0,0,0,0,0,541
Washington,2016,Marijuana Trafficking,3,11,12,0.25,0.916666666666667,541
Washington,2017,Marijuana Possession,0,0,0,0,0,561
Washington,2017,Marijuana Trafficking,0,2,2,0,1,561
Washington,2018,Marijuana Possession,0,0,0,0,0,547
Washington,2018,Marijuana Trafficking,0,3,3,0,1,547
Washington,2019,Marijuana Possession,0,0,0,0,0,549
Washington,2019,Marijuana Trafficking,1,3,4,0.25,0.75,549
Washington,2020,Marijuana Possession,0,0,0,0,0,340
Washington,2020,Marijuana Trafficking,0,1,1,0,1,340
Washington,2021,Marijuana Possession,0,0,0,0,0,329
Washington,2021,Marijuana Trafficking,0,3,3,0,1,329
Washington,2022,Marijuana Possession,0,0,0,0,0,359
Washington,2022,Marijuana Trafficking,0,3,3,0,1,359
Washington,2023,Marijuana Possession,0,0,0,0,0,399
Washington,2023,Marijuana Trafficking,0,1,1,0,1,399
Washington,2024,Marijuana Possession,0,0,0,0,0,386
Washington,2024,Marijuana Trafficking,0,0,0,0,0,386
West Virginia,2014,Marijuana Possession,0,0,0,0,0,642
West Virginia,2014,Marijuana Trafficking,2,8,10,0.2,0.8,642
West Virginia,2015,Marijuana Possession,1,0,3,0.333333333333333,0,703
West Virginia,2015,Marijuana Trafficking,7,6,13,0.538461538461538,0.461538461538462,703
West Virginia,2016,Marijuana Possession,0,0,0,0,0,438
West Virginia,2016,Marijuana Trafficking,1,2,3,0.333333333333333,0.666666666666667,438
West Virginia,2017,Marijuana Possession,0,0,0,0,0,381
West Virginia,2017,Marijuana Trafficking,1,2,3,0.333333333333333,0.666666666666667,381
West Virginia,2018,Marijuana Possession,0,0,0,0,0,436
West Virginia,2018,Marijuana Trafficking,0,3,3,0,1,436
West Virginia,2019,Marijuana Possession,0,0,0,0,0,503
West Virginia,2019,Marijuana Trafficking,0,4,4,0,1,503
West Virginia,2020,Marijuana Possession,0,0,0,0,0,427
West Virginia,2020,Marijuana Trafficking,1,4,5,0.2,0.8,427
West Virginia,2021,Marijuana Possession,0,0,0,0,0,419
West Virginia,2021,Marijuana Trafficking,3,1,4,0.75,0.25,419
West Virginia,2022,Marijuana Possession,0,0,0,0,0,536
West Virginia,2022,Marijuana Trafficking,1,0,1,1,0,536
West Virginia,2023,Marijuana Possession,0,0,0,0,0,473
West Virginia,2023,Marijuana Trafficking,0,2,2,0,1,473
West Virginia,2024,Marijuana Possession,0,0,0,0,0,516
West Virginia,2024,Marijuana Trafficking,0,0,0,0,0,516
Wisconsin,2014,Marijuana Possession,0,0,0,0,0,502
Wisconsin,2014,Marijuana Trafficking,9,13,22,0.409090909090909,0.590909090909091,502
Wisconsin,2015,Marijuana Possession,0,1,1,0,1,376
Wisconsin,2015,Marijuana Trafficking,10,10,20,0.5,0.5,376
Wisconsin,2016,Marijuana Possession,0,0,0,0,0,350
Wisconsin,2016,Marijuana Trafficking,13,12,23,0.565217391304348,0.521739130434783,350
Wisconsin,2017,Marijuana Possession,0,0,0,0,0,323
Wisconsin,2017,Marijuana Trafficking,2,4,5,0.4,0.8,323
Wisconsin,2018,Marijuana Possession,0,0,0,0,0,323
Wisconsin,2018,Marijuana Trafficking,2,4,6,0.333333333333333,0.666666666666667,323
Wisconsin,2019,Marijuana Possession,0,0,0,0,0,369
Wisconsin,2019,Marijuana Trafficking,2,2,4,0.5,0.5,369
Wisconsin,2020,Marijuana Possession,0,0,0,0,0,335
Wisconsin,2020,Marijuana Trafficking,2,3,5,0.4,0.6,335
Wisconsin,2021,Marijuana Possession,0,0,0,0,0,324
Wisconsin,2021,Marijuana Trafficking,1,5,6,0.166666666666667,0.833333333333333,324
Wisconsin,2022,Marijuana Possession,0,0,0,0,0,382
Wisconsin,2022,Marijuana Trafficking,1,16,17,0.0588235294117647,0.941176470588235,382
Wisconsin,2023,Marijuana Possession,0,0,0,0,0,387
Wisconsin,2023,Marijuana Trafficking,0,4,4,0,1,387
Wisconsin,2024,Marijuana Possession,0,0,0,0,0,327
Wisconsin,2024,Marijuana Trafficking,0,1,1,0,1,327
Wyoming,2014,Marijuana Possession,8,1,9,0.888888888888889,0.111111111111111,276
Wyoming,2014,Marijuana Trafficking,0,3,3,0,1,276
Wyoming,2015,Marijuana Possession,7,1,9,0.777777777777778,0.111111111111111,246
Wyoming,2015,Marijuana Trafficking,0,2,2,0,1,246
Wyoming,2016,Marijuana Possession,1,0,2,0.5,0,190
Wyoming,2016,Marijuana Trafficking,1,2,3,0.333333333333333,0.666666666666667,190
Wyoming,2017,Marijuana Possession,1,0,2,0.5,0,195
Wyoming,2017,Marijuana Trafficking,0,2,2,0,1,195
Wyoming,2018,Marijuana Possession,2,0,2,1,0,184
Wyoming,2018,Marijuana Trafficking,0,3,3,0,1,184
Wyoming,2019,Marijuana Possession,0,0,0,0,0,140
Wyoming,2019,Marijuana Trafficking,0,2,2,0,1,140
Wyoming,2020,Marijuana Possession,0,0,0,0,0,135
Wyoming,2020,Marijuana Trafficking,0,0,0,0,0,135
Wyoming,2021,Marijuana Possession,0,0,0,0,0,155
Wyoming,2021,Marijuana Trafficking,0,1,1,0,1,155
Wyoming,2022,Marijuana Possession,0,0,0,0,0,118
Wyoming,2022,Marijuana Trafficking,0,1,1,0,1,118
Wyoming,2023,Marijuana Possession,0,0,0,0,0,126
Wyoming,2023,Marijuana Trafficking,0,0,0,0,0,126
Wyoming,2024,Marijuana Possession,0,0,0,0,0,154
Wyoming,2024,Marijuana Trafficking,0,0,0,0,0,154
